source_customer_name,canonical_billing_customer
1979 Media (Dorcel),1979 Media (Dorcel)
AERONA LLC,AERONA LLC
All Media Group (AMG),All Media Group (AMG)
AMA Multimedia LLC,
AV Entertainment/Optical Xtreme,AV Entertainment/Optical Xtreme
BBox Entertainment Inc.,BBox Entertainment Inc.
Bell Canada,Bell Canada
BLT Innovations LLC:NSFW Films,
Charged Media LLC,
Cybernet Entertainment LLC,Cybernet Entertainment LLC
DirecTech Inc:Dog Fart,
Dream Logistics BV,Dream Logistics BV
Dusk TV/2GrapesMedia B.V.,Dusk TV/2GrapesMedia B.V.
Enmode Inc. (TRAFFICMATE LTD),Enmode Inc. (TRAFFICMATE LTD)
ERIGO,ERIGO
Erigo / Load,ERIGO
Gamelink (SGA of California LLC),Gamelink (SGA of California LLC)
Gamma Broadcast Group Inc.,Gamma Broadcast Group Inc.
Gamma Broadcast Group Inc. Licensing,Gamma Broadcast Group Inc.
Gamma Broadcast Group Inc.:Adult Time,Gamma Broadcast Group Inc.:Adult Time
Girlfriends Films,Girlfriends Films
GTFLIX TV S.R.O./WEBGROUP CZECH REPUBLIC,GTFLIX TV S.R.O./WEBGROUP CZECH REPUBLIC
Hot Movies/Movie Dollars,Hot Movies/Movie Dollars
HPG Production,HPG Production
InDemand LLC,InDemand LLC
Intermark Management Inc. (Clips4Sale),Intermark Management Inc. (Clips4Sale)
IWantClips (Pro Pay LLC),IWantClips (Pro Pay LLC)
Jayrock Media Inc.:Jay Rock Productions,
JSKY Services LTD.,JSKY Services LTD.
KNPB Media BV (DVDErotik),KNPB Media BV (DVDErotik)
Level5 Media GmbH (Veegaz),Level5 Media GmbH (Veegaz)
Level5 Media GmbH,Level5 Media GmbH (Veegaz)
LFP Broadcasting,LFP Broadcasting
Liked Media LLC,
Erika Lust S.L.U.,Erika Lust S.L.U.
Erika Lust / Lust Productions,Erika Lust S.L.U.
Meta Interfaces LLC,Meta Interfaces LLC
MG Premium LTD:MG Billing,MG Billing
MG Premium LTD:MG Free Sites/PHPremium,MG Free Sites/PHPremium
MV Productions Inc.,MV Productions Inc.
NAMGA Member LLC:BAEB,
New Sensations Inc.,New Sensations Inc.
NF Media Inc:Nubile Films,
NVG Mobile Group LLC:Net Video Girls,
OMNet AG (Orgazmik),OMNet AG (Orgazmik)
OMNet AG,OMNet AG (Orgazmik)
Orca Flow Studios Inc.:Property Sex,
Paper Street Media LLC,
Pulse Distribution,Pulse Distribution
Pure Play Broadcasting Canada,Pure Play Broadcasting Canada
SARJ LLC,
SCTR Services LLC,
SCTR Services LLC:Bang!,
Skinfluential Media LLC,Skinfluential Media LLC
SMM Inc.,
SMM Inc.:True X,
So-Cal Licensing,So-Cal Licensing
Spizoo LLC:Raw Attack,
Step 1: Waiting for Payment,
TECOM LTD (XHamster),TECOM LTD (XHamster)
Tropical Sun Co (Clips4Sale),Tropical Sun Co (Clips4Sale)
US Arcades LLC,US Arcades LLC
Velvet Media B.V.,Velvet Media B.V.
VOD November   2020,
WMM Holdings LLC (AEBN),WMM Holdings LLC (AEBN)
Wreal LLC,Wreal LLC
XFC Inc:Nubiles,
